{
  "hash": "1722ea65",
  "configHash": "899889ed",
  "lockfileHash": "8bd304b2",
  "browserHash": "da9e6f3d",
  "optimized": {
    "@angular/common": {
      "src": "../../../../../../node_modules/@angular/common/fesm2022/common.mjs",
      "file": "@angular_common.js",
      "fileHash": "900ebd5f",
      "needsInterop": false
    },
    "@angular/core": {
      "src": "../../../../../../node_modules/@angular/core/fesm2022/core.mjs",
      "file": "@angular_core.js",
      "fileHash": "a32a8bea",
      "needsInterop": false
    },
    "@angular/forms": {
      "src": "../../../../../../node_modules/@angular/forms/fesm2022/forms.mjs",
      "file": "@angular_forms.js",
      "fileHash": "11adf3b5",
      "needsInterop": false
    },
    "@angular/platform-browser": {
      "src": "../../../../../../node_modules/@angular/platform-browser/fesm2022/platform-browser.mjs",
      "file": "@angular_platform-browser.js",
      "fileHash": "071fbd1d",
      "needsInterop": false
    },
    "@angular/router": {
      "src": "../../../../../../node_modules/@angular/router/fesm2022/router.mjs",
      "file": "@angular_router.js",
      "fileHash": "b358c3a7",
      "needsInterop": false
    },
    "rxjs": {
      "src": "../../../../../../node_modules/rxjs/dist/esm5/index.js",
      "file": "rxjs.js",
      "fileHash": "5996d8f4",
      "needsInterop": false
    }
  },
  "chunks": {
    "chunk-WYLJZU72": {
      "file": "chunk-WYLJZU72.js"
    },
    "chunk-523DVN4C": {
      "file": "chunk-523DVN4C.js"
    },
    "chunk-75ZCAQUU": {
      "file": "chunk-75ZCAQUU.js"
    },
    "chunk-5TID76VL": {
      "file": "chunk-5TID76VL.js"
    }
  }
}